{"_runtime":9.072527,"_step":50,"_timestamp":1721285378.6400127,"_wandb":{"runtime":9},"epoch/accuracy":0.980286717414856,"epoch/epoch":49,"epoch/loss":0.06465404480695724,"epoch/val_accuracy":0.8642857074737549,"epoch/val_loss":0.7187838554382324,"test_accuracy":0.8500000238418579,"test_loss":0.38868090510368347}