{"epoch/Precision": 1.0, "epoch/Recall": 1.0, "epoch/accuracy": 1.0, "epoch/loss": 0.02197878062725067, "epoch/val_Precision": 0.7142857313156128, "epoch/val_Recall": 0.7692307829856873, "epoch/val_accuracy": 0.7407407164573669, "epoch/val_loss": 0.6013436317443848, "epoch/epoch": 50, "_timestamp": 1717060571.154115, "_runtime": 3.151099920272827, "_step": 51, "Test Loss": 0.47992217540740967, "Test Accuracy": 0.7272727489471436, "Test Precision": 0.6153846383094788, "Test Recall": 0.7037037014961243, "_wandb": {"runtime": 2}}