{"_runtime":7.522846,"_step":50,"_timestamp":1721285393.0041604,"_wandb":{"runtime":7},"epoch/accuracy":0.9677419066429138,"epoch/epoch":49,"epoch/loss":0.08741757273674011,"epoch/val_accuracy":0.8857142925262451,"epoch/val_loss":0.5767378211021423,"test_accuracy":0.8642857074737549,"test_loss":0.37708985805511475}