{"_runtime":7.207782,"_step":53,"_timestamp":1721285489.7539186,"_wandb":{"runtime":7},"epoch/accuracy":0.9874551892280579,"epoch/epoch":52,"epoch/loss":0.034679170697927475,"epoch/val_accuracy":0.8285714387893677,"epoch/val_loss":1.5167087316513062,"test_accuracy":0.8500000238418579,"test_loss":0.3776000142097473}