{"_runtime":15.085943,"_step":85,"_timestamp":1721367144.6388798,"_wandb":{"runtime":15},"epoch/accuracy":0.9551971554756165,"epoch/epoch":84,"epoch/loss":0.11619096249341965,"epoch/val_accuracy":0.8857142925262451,"epoch/val_loss":0.5113762021064758,"test_accuracy":0.8642857074737549,"test_loss":0.3712711036205292}