{"Test Loss": 0.725298285484314, "Test Accuracy": 0.6296296119689941, "_timestamp": 1717060297.5718455, "_runtime": 1.1185195446014404, "_step": 0, "_wandb": {"runtime": 0}}